[
    {
        "text": "หน้าแรก",
        "path": "/home"
    },
    {
        "text": "ขายสินค้า",
        "path": "/pos"
    },
    {
        "text": "โปรไฟล์",
        "path": "/profile"
    },
    {
        "text": "สินค้า",
        "path": "/product"
    },
    {
        "text": "ลูกค้า",
        "path": "/customer"
    },
    {
        "text": "เกี่ยวกับเรา",
        "path": "/about"
    }
]